refID,page,type,size,filename
1003,5,art,sm,1003_5_art_south.PNG
1014,1,art,sm,1014_1_art_calendar.PNG
1014,5,art,sm,1014_5_art_gym.PNG
1021,1,art,sm,1021_1_art_coeurdalene.PNG
1021,2,ad,md,1021_2_ad_pirates.PNG
1021,3,ad,md,1021_3_ad_photoplay.PNG
1021,3,art,sm,1021_3_art_stock.PNG
1049,5,art,sm,1049_5_art_janitor.PNG
1049,7,art,sm,1049_7_art_sweaters.PNG
1059,1,art,sm,1059_1_art_cheaped.PNG
1059,2,ad,md,1059_2_ad_pen.PNG
1059,3,ad,md,1059_3_ad_busterbrown.PNG
1059,6,art,sm,1059_6_art_costs.PNG
1065,5,art,sm,1065_5_art_schoolreform.PNG
1065,7,art,sm,1065_7_art_hairymamoth.PNG
1071,1,art,sm,1071_1_art_giants.PNG
1071,5,ad,sm,1071_5_ad_urge.PNG
1071,5,art,sm,1071_5_art_stock.PNG
1072,1,art,sm,1072_1_art_enigeers.PNG
1072,4,art,sm,1072_4_art_notinterested.PNG
1072,4,art,sm,1072_4_art_spelling.PNG
11202,1,head,xl,11202_1_head_wsubeat.PNG
11202,5,art,sm,11202_5_art_rallies.PNG
11202,8,art,sm,11202_8_art_coedlibban.PNG
11210,15,ad,md,11210_15_ad_businessed.PNG
11210,2,ad,md,11210_2_ad_trousers.PNG
11210,5,art,sm,11210_5_art_items.PNG
11211,3,head,md,11211_3_head_interestinggame.PNG
11218,11,art,sm,11218_11_art_freshparty.PNG
11224,5,art,sm,11224_5_art_missBryden.PNG
11224,5,art,sm,11224_5_art_newarmory.PNG
11229,3,ad,xl,11229_3_ad_underwarehouse.PNG
11235,4,ad,md,11235_4_ad_swim.PNG
11235,4,art,sm,11235_4_art_play.PNG
1294,19,art,sm,1294_19_art_notes.PNG
1294,25,ad,md,1294_25_ad_finefurnishing.PNG
1303,1,art,sm,1303_1_art_ui50mt0.PNG
1303,2,art,sm,1303_2_art_marriedmen.PNG
1307,1,art,md,1307_1_art_palestine.PNG
1315,1,art,sm,1315_1_art_minstrals.PNG
1315,1,art,md,1315_1_art_olympicbar.PNG
1323,4,ad,md,1323_4_ad_girlsbonnet.PNG
1323,4,art,sm,1323_4_art_luncheon.PNG
1329,21,art,md,1329_21_art_bball.PNG
1329,4,art,md,1329_4_art_oldbulletproof.PNG
1330,2,ad,sm,1330_2_ad_eyeclinic.PNG
1330,2,art,sm,1330_2_art_critics.PNG
1330,2,art,sm,1330_2_art_libabuse.PNG
1349,1,art,lg,1349_1_art_legislators.PNG
1349,2,art,sm,1349_2_art_indiandeal.PNG
1369,1,art,lg,1369_1_art_contest.PNG
1369,1,img,lg,1369_1_img_adminbuild.PNG
1369,4,ad,md,1369_4_ad_barber.PNG
1372,3,ad,sm,1372_3_ad_shirts.PNG
1372,4,ad,md,1372_4_ad_ely.PNG
1372,4,ad,sm,1372_4_ad_getyour.PNG
1406,1,art,md,1406_1_art_football.PNG
1425,2,ad,md,1425_2_ad_bball.PNG
1425,4,ad,md,1425_4_ad_hotel.PNG
1429,3,ad,md,1429_3_ad_barber.PNG
1429,3,art,sm,1429_3_art_boola.PNG
1434,1,art,md,1434_1_art_baseball.PNG
1434,2,art,sm,1434_2_art_rifle.PNG
1434,8,ad,md,1434_8_ad_davidely.PNG
2581,1,art,sm,2581_1_art_girlsdance.PNG
2581,2,ad,md,2581_2_ad_snakepit.PNG
2581,3,head,md,2581_3_head_nurseryrhymes.PNG
2589,1,head,md,2589_1_head_lutesong.PNG
2589,2,ad,md,2589_2_ad_processelectric.PNG
2589,2,art,sm,2589_2_art_dearjason.PNG
2589,3,ad,md,2589_3_ad_smilesmoking.PNG
2593,2,art,sm,2593_2_art_snowscuplture.PNG
3770,1,head,xl,3770_1_head_masthead.PNG
980,1,ad,md,980_1_ad_williamson.PNG
980,1,art,md,980_1_art_clash.PNG
980,4,ad,sm,980_4_ad_florist.PNG
995,1,head,xl,995_1_head_taft.PNG
995,5,art,sm,995_5_art_gym.PNG
995,6,ad,md,995_6_ad_taylor.PNG
